{"min": 0.6931471824645996, "max": 5.588408946990967}